{"II9iU/eMMU6CFzfpmF+PhQ==":"logo-remkoffee-121x108.png","1ZvYVd568fdwXug1nCznWQ==":"download-318x159.jpg","ibSoWr6pPk0Be024l98mmA==":"39781e6fb482303c8ee61295d160d561-696x696.jpg","YsAGA7CJxdv8DK3WPF5zrg==":"chistka-kofemashiny-ot-kofejnogo-naleta-660x440.jpg","wD6ytreF9LofZTA2xdY18A==":"kofemashina-ne-vzbivaet-moloko-ne-delaet-penku-1-600x466.jpg","1QaxIDpUWHZWQYpwUfvf5Q==":"kofemashina-ne-greet-vodu-3-500x333.jpg","7RnuUQz+QBDkezkbDo3e5g==":"maxresdefault-576x324.jpg","XAoxT/vODlGnsGBjtq5mSg==":"356935952-1-scaled-576x412.jpg","1Ne+JrNMLIts5OE9Ej+m+w==":"saeco-magic-m2-2-500x520.png","Ue59bBMI67hxmpWMHAK+YQ==":"baristabasics-nosteam-gigapixel-art-scale-2_00x-576x497.jpg","Wp2cn2FaZ3Nlaih4vziPJg==":"1585332117583-576x384.jpg","TCNa8xJem52QTlhUihewFg==":"images-gigapixel-low_res-scale-2_00x-550x366.jpg","2xnyVL5v5O6Vl9yMfTa+Pw==":"images-267x189.jpg","oRykAiO0rUD++7AmPeEwUg==":"background1.jpg","r2iJ3+ecoNfWweZT1TEJXg==":"1200px-gaggia-logo.svg-240x217.png","34WrpcCrH0UFIKwIahUv7w==":"1820px-philips-crest-logo-240x135.png","94eH7FLwBM50VewZLbEJQA==":"1820px-philips-crest-logo-1-240x135.png","fPbcbjH1OhsFLIdIocpabA==":"190524-6888-240x240.jpg","jlMM8RasraUKpItaBlYIHA==":"111111111111111111111-240x240.png","UvECbmNhAGvUPGYtQgqVJA==":"bork-240x240.jpg","HKjtEZg0n9K/OXK3gctzbQ==":"delonghi-119x60.jpg","pkZ2oU7HiobChMRh9OZHag==":"franke-240x240.jpg","ihn1xxdpSsMRPDqwL43nVw==":"gaggia-240x240.jpg","PBHPxSSjqVPz0tcc1A2lYw==":"1820px-philips-crest-logo-2-240x135.png","y69lF9pKHgcz2wla8iCkPw==":"190524-6888-600x600.jpeg","goxmArvCeaDBtB5vtc7ayg==":"111111111111111111111-311x311.png","Ib3MetivF/boW7vZARwhhA==":"111111111111111111111-1-311x311.png","ibutNgYrNPrHDpf1E7FdWQ==":"1820px-philips-crest-logo-3-240x135.png","aus2WaP2t2akQdJB9F/UYg==":"190524-6888-600x600.jpg","5C2L3KNLPwbOHjiu6naOYQ==":"9de0ebbbf9cf34147d72d67edb3e2278-600x450.jpg","+phzvN4s+B/1pBBVo9uGJA==":"photo_2023-01-26_21-41-15-600x800.jpg","NNZxzeP+ziOPNP1b7vFqWA==":"photo_2023-01-26_21-41-24-600x800.jpg","Tj+tvizXsCY3vVf44VhH3g==":"photo_2023-01-26_21-41-28-600x800.jpg","zqDNeTatikEFhVcLoSKG7A==":"photo_2023-01-26_21-41-31-600x800.jpg","bGL+FVGOSr2Qo9MWTpNttg==":"photo_2023-01-26_21-41-34-600x800.jpg","k9DD0UiTEJ8lSduprDUIog==":"photo_2023-01-26_21-41-37-600x800.jpg","1Hva+JE5FaNSY/mLSf7ZiA==":"photo_2023-01-26_21-41-59-600x800.jpg","DafAAniq4cLj5Fs7xSUIPg==":"photo_2023-01-26_21-42-2-600x800.jpg","J9PEokf3pVVcPn9Cdj7/KA==":"photo_2023-01-26_21-42-7-600x800.jpg","4B840w1tW4zI51W0GIBAzg==":"images-gigapixel-low_res-scale-2_00x-gigapixel-standard-scale-6_00x-2000x1331.jpg","crwAfnMC+4nyD7TyBrJfmA==":"7c3a62f3d9350eff71c2b9af2a94cd89-687x706.png","DwgfhkZonV35MgBES2CI9A==":"remont-kofemashin-3-1128x727.jpg","WjG0fBCR6eN+bwjAQYQD8g==":"download-225x225.png","NvdVHoumF0uwreCRjEVOAQ==":"download-gigapixel-art-scale-4_00x-900x900.png","Mp1HeOLuUNqZNewcw9jybw==":"images-gigapixel-art-scale-2_00x-450x450.png","Nxy58onJAfwWiiFv1tu0tw==":"d5012ef9-b158-47ee-b63b-f0124d62bdc7-441x450.png"}