{"files":{"index.html":{"frameworks":["pg.bs5.lib","pg.insight.events","pg.svg.lib","pg.css.grid","pg.image.overlay","pg.code-validator","pg.project.items","pg.asset.manager","bs5","pg.html","pg.components"]}},"breakpoints":["350px","500px","576px","768px","992px","1200px","1400px","1500px"],"frameworks":["pg.bs5.lib","pg.insight.events","pg.svg.lib","pg.css.grid","pg.image.overlay","pg.code-validator","pg.project.items","pg.asset.manager","bs5","pg.html","pg.components"],"urls":{"index.html":{"open-page-views":[{"w":1024,"h":0}]}}}